????,???/?????,????,??
??1?,?????,55K,??????
??1?,?????,71K,??????
??1?,?????,86K,??????
??1?,?????(??),158K,?????????????400?
??1?,?????(??),159K,??????
??1?,?????,229K,??????
??1?,?????,284K,??????
??1?,?????,335K,??????
??3?,?????(??),25K,??????
??3?,?????,76K,??????
??3?,?????(??),96K,??????
??3?,?????,134K,???????????29?
??3?,?????,172K,???????????????87?
??3?,?????,231K,??????
??3?,?????,276K,??????
??3?,?????,319K,??????
??3?,?????,350K,??????
??3?,?????,363K,??????
??5?,?????,4K,?????????1?6?
??5?,?????,54K,??????
??6?,??????,6.7K,??????
